room,x,y
209,18.73238956520204,4.480563296109769
215,27.137948985485007,4.480563296109769
214,23.535566376792307,5.600704120137212
210,17.5315953623045,5.600704120137212
218,29.779696231859653,5.600704120137212
225,43.7089089854714,4.480563296109769
227,45.630179710107534,4.480563296109769
227,45.02978260865876,4.480563296109769
206,11.52762434781664,5.600704120137212
228,46.23057681155632,5.600704120137212
